{
  "ANGLE": [[0, 0, 0, 0, 0.275, 0.2, -0.075],
  [90, 0, 0, 0, 0.275, 0.2, -0.075]],
  "ANSI31": [[45, 0, 0, 0, 0.125]],
  "ANSI32": [[45, 0, 0, 0, 0.375],
  [45, 0.176776695, 0, 0, 0.375]],
  "ANSI33": [[45, 0, 0, 0, 0.25],
  [45, 0.176776695, 0, 0, 0.25, 0.125, -0.0625]],
  "ANSI34": [[45, 0, 0, 0, 0.75],
  [45, 0.176776695, 0, 0, 0.75],
  [45, 0.353553391, 0, 0, 0.75],
  [45, 0.530330086, 0, 0, 0.75]],
  "ANSI35": [[45, 0, 0, 0, 0.25],
  [45, 0.176776695, 0, 0, 0.25, 0.3125, -0.0625, 0, -0.0625]],
  "ANSI36": [[45, 0, 0, 0.21875, 0.125, 0.3125, -0.0625, 0, -0.0625]],
  "ANSI37": [[45, 0, 0, 0, 0.125],
  [135, 0, 0, 0, 0.125]],
  "ANSI38": [[45, 0, 0, 0, 0.125],
  [135, 0, 0, 0.25, 0.125, 0.3125, -0.1875]],
  "AR-B816": [[0, 0, 0, 0, 8],
  [90, 0, 0, 8, 8, 8, -8]],
  "AR-B816C": [[0, 0, 0, 8, 8, 15.625, -0.375],
  [0, -8, 0.375, 8, 8, 15.625, -0.375],
  [90, 0, 0, 8, 8, -8.375, 7.625],
  [90, -0.375, 0, 8, 8, -8.375, 7.625]],
  "AR-B88": [[0, 0, 0, 0, 8],
  [90, 0, 0, 8, 4, 8, -8]],
  "AR-BRELM": [[0, 0, 0, 0, 5.334, 7.625, -0.375],
  [0, 0, 2.25, 0, 5.334, 7.625, -0.375],
  [0, 2, 2.667, 0, 5.334, 3.625, -0.375],
  [0, 2, 4.917, 0, 5.334, 3.625, -0.375],
  [90, 0, 0, 0, 8, 2.25, -3.084],
  [90, -0.375, 0, 0, 8, 2.25, -3.084],
  [90, 2, 2.667, 0, 4, 2.25, -3.084],
  [90, 1.625, 2.667, 0, 4, 2.25, -3.084]],
  "AR-BRSTD": [[0, 0, 0, 0, 2.667],
  [90, 0, 0, 2.667, 4, 2.667, -2.667]],
  "AR-CONC": [[50, 0, 0, 4.12975034, -5.89789472, 0.75, -8.25],
  [355, 0, 0, -2.03781207, 7.3723684, 0.6, -6.6],
  [100.4514, 0.5977168, -0.0522934, 5.7305871, -6.9397673, 0.6374019, -7.01142112],
  [46.1842, 0, 2, 6.19462551, -8.84684208, 1.125, -12.375],
  [96.6356, 0.88936745, 1.86206693, 8.59588071, -10.40965104, 0.95610288, -10.51713],
  [351.1842, 0, 2, 7.74328189, 11.0585526, 0.9, -9.9],
  [21, 1, 1.5, 4.12975034, -5.89789472, 0.75, -8.25],
  [326, 1, 1.5, -2.03781207, 7.3723684, 0.6, -6.6],
  [71.4514, 1.49742233, 1.16448394, 5.7305871, -6.9397673, 0.6374019, -7.01142112],
  [37.5, 0, 0, 2.123, 2.567, 0, -6.52, 0, -6.7, 0, -6.625],
  [7.5, 0, 0, 3.123, 3.567, 0, -3.82, 0, -6.37, 0, -2.525],
  [-32.5, -2.23, 0, 4.6234, 2.678, 0, -2.5, 0, -7.8, 0, -10.35],
  [-42.5, -3.23, 0, 3.6234, 4.678, 0, -3.25, 0, -5.18, 0, -7.35]],
  "AR-HBONE": [[45, 0, 0, 4, 4, 12, -4],
  [135, 2.828427125, 2.828427125, 4, -4, 12, -4]],
  "AR-PARQ1": [[90, 0, 0, 12, 12, 12, -12],
  [90, 2, 0, 12, 12, 12, -12],
  [90, 4, 0, 12, 12, 12, -12],
  [90, 6, 0, 12, 12, 12, -12],
  [90, 8, 0, 12, 12, 12, -12],
  [90, 10, 0, 12, 12, 12, -12],
  [90, 12, 0, 12, 12, 12, -12],
  [0, 0, 12, 12, -12, 12, -12],
  [0, 0, 14, 12, -12, 12, -12],
  [0, 0, 16, 12, -12, 12, -12],
  [0, 0, 18, 12, -12, 12, -12],
  [0, 0, 20, 12, -12, 12, -12],
  [0, 0, 22, 12, -12, 12, -12],
  [0, 0, 24, 12, -12, 12, -12]],
  "AR-RROOF": [[0, 0, 0, 2.2, 1, 15, -2, 5, -1],
  [0, 1.33, 0.5, -1, 1.33, 3, -0.33, 6, -0.75],
  [0, 0.5, 0.85, 5.2, 0.67, 8, -1.4, 4, -1]],
  "AR-RSHKE": [[0, 0, 0, 25.5, 12, 6, -5, 7, -3, 9, -4],
  [0, 6, 0.5, 25.5, 12, 5, -19, 4, -6],
  [0, 18, -0.75, 25.5, 12, 3, -31],
  [90, 0, 0, 12, 8.5, 11.5, -36.5],
  [90, 6, 0, 12, 8.5, 11.25, -36.75],
  [90, 11, 0, 12, 8.5, 10.5, -37.5],
  [90, 18, -0.75, 12, 8.5, 11.5, -36.5],
  [90, 21, -0.75, 12, 8.5, 11.5, -36.5],
  [90, 30, 0, 12, 8.5, 11, -37]],
  "AR-SAND": [[37.5, 0, 0, 1.123, 1.567, 0, -1.52, 0, -1.7, 0, -1.625],
  [7.5, 0, 0, 2.123, 2.567, 0, -0.82, 0, -1.37, 0, -0.525],
  [-32.5, -1.23, 0, 2.6234, 1.678, 0, -0.5, 0, -1.8, 0, -2.35],
  [-42.5, -1.23, 0, 1.6234, 2.678, 0, -0.25, 0, -1.18, 0, -1.35]],
  "BOX": [[90, 0, 0, 0, 1],
  [90, 0.25, 0, 0, 1],
  [0, 0, 0, 0, 1, -0.25, 0.25],
  [0, 0, 0.25, 0, 1, -0.25, 0.25],
  [0, 0, 0.5, 0, 1, 0.25, -0.25],
  [0, 0, 0.75, 0, 1, 0.25, -0.25],
  [90, 0.5, 0, 0, 1, 0.25, -0.25],
  [90, 0.75, 0, 0, 1, 0.25, -0.25]],
  "BRASS": [[0, 0, 0, 0, 0.25],
  [0, 0, 0.125, 0, 0.25, 0.125, -0.0625]],
  "BRICK": [[0, 0, 0, 0, 0.25],
  [90, 0, 0, 0, 0.5, 0.25, -0.25],
  [90, 0.25, 0, 0, 0.5, -0.25, 0.25]],
  "BRSTONE": [[0, 0, 0, 0, 0.33],
  [90, 0.9, 0, 0.33, 0.5, 0.33, -0.33],
  [90, 0.8, 0, 0.33, 0.5, 0.33, -0.33],
  [0, 0.9, 0.055, 0.5, 0.33, -0.9],
  [0, 0.9, 0.11, 0.5, 0.33, -0.9],
  [0, 0.9, 0.165, 0.5, 0.33, -0.9],
  [0, 0.9, 0.22, 0.5, 0.33, -0.9],
  [0, 0.9, 0.275, 0.5, 0.33, -0.9]],
  "CLAY": [[0, 0, 0, 0, 0.1875],
  [0, 0, 0.03125, 0, 0.1875],
  [0, 0, 0.0625, 0, 0.1875],
  [0, 0, 0.125, 0, 0.1875, 0.1875, -0.125]],
  "CORK": [[0, 0, 0, 0, 0.125],
  [135, 0.0625, -0.0625, 0, 0.35355339, 0.176776696, -0.176776696],
  [135, 0.09375, -0.0625, 0, 0.35355339, 0.176776696, -0.176776696],
  [135, 0.125, -0.0625, 0, 0.35355339, 0.176776696, -0.176776696]],
  "CROSS": [[0, 0, 0, 0.25, 0.25, 0.125, -0.375],
  [90, 0.0625, -0.0625, 0.25, 0.25, 0.125, -0.375]],
  "DASH": [[0, 0, 0, 0.125, 0.125, 0.125, -0.125]],
  "DOLMIT": [[0, 0, 0, 0, 0.25],
  [45, 0, 0, 0, 0.70710678, 0.35355339, -0.70710768]],
  "DOTS": [[0, 0, 0, 0.03125, 0.0625, 0, -0.0625]],
  "EARTH": [[0, 0, 0, 0.25, 0.25, 0.25, -0.25],
  [0, 0, 0.09375, 0.25, 0.25, 0.25, -0.25],
  [0, 0, 0.1875, 0.25, 0.25, 0.25, -0.25],
  [90, 0.03125, 0.21875, 0.25, 0.25, 0.25, -0.25],
  [90, 0.125, 0.21875, 0.25, 0.25, 0.25, -0.25],
  [90, 0.21875, 0.21875, 0.25, 0.25, 0.25, -0.25]],
  "ESCHER": [[60, 0, 0, -0.6, 1.039230484, 1.1, -0.1],
  [180, 0, 0, -0.6, 1.039230484, 1.1, -0.1],
  [300, 0, 0, 0.6, 1.039230484, 1.1, -0.1],
  [60, 0.1, 0, -0.6, 1.039230484, 0.2, -1],
  [300, 0.1, 0, 0.6, 1.039230484, 0.2, -1],
  [60, -0.05, 0.08660254, -0.6, 1.039230484, 0.2, -1],
  [180, -0.05, 0.08660254, -0.6, 1.039230484, 0.2, -1],
  [300, -0.05, -0.08660254, 0.6, 1.039230484, 0.2, -1],
  [180, -0.05, -0.08660254, -0.6, 1.039230484, 0.2, -1],
  [60, -0.4, 0, -0.6, 1.039230484, 0.2, -1],
  [300, -0.4, 0, 0.6, 1.039230484, 0.2, -1],
  [60, 0.2, -0.346410161, -0.6, 1.039230484, 0.2, -1],
  [180, 0.2, -0.346410161, -0.6, 1.039230484, 0.2, -1],
  [300, 0.2, 0.346410161, 0.6, 1.039230484, 0.2, -1],
  [180, 0.2, 0.346410161, -0.6, 1.039230484, 0.2, -1],
  [0, 0.2, 0.173205081, -0.6, 1.039230484, 0.7, -0.5],
  [0, 0.2, -0.173205081, -0.6, 1.039230484, 0.7, -0.5],
  [120, 0.05, 0.259807621, 0.6, 1.039230484, 0.7, -0.5],
  [120, -0.25, 0.08660254, 0.6, 1.039230484, 0.7, -0.5],
  [240, -0.25, -0.08660254, 0.6, 1.039230484, 0.7, -0.5],
  [240, 0.05, -0.259807621, 0.6, 1.039230484, 0.7, -0.5]],
  "FLEX": [[0, 0, 0, 0, 0.25, 0.25, -0.25],
  [45, 0.25, 0, 0.176776695, 0.176776695, 0.0625, -0.228553391, 0.0625, -0.353553391]],
  "GOST_GLASS": [[45, 0, 0, 6, -6, 5],
  [45, 2.12132, 0, 6, -6, 2],
  [45, 0, 2.12132, 6, -6, 2]],
  "GOST_WOOD": [[90, 0, 0, 0, -6, 10],
  [90, 2, -2, 0, -6, 6, -1.5, 3],
  [90, 4, -5, 0, -6, 10]],
  "GOST_GROUND": [[45, 0, 0, 10, -10],
  [45, 3, 0, 10, -10],
  [45, 6, 0, 10, -10]],
  "GRASS": [[90, 0, 0, 0.707106781, 0.707106781, 0.1875, -1.226713563],
  [45, 0, 0, 0, 1, 0.1875, -0.8125],
  [135, 0, 0, 0, 1, 0.1875, -0.8125]],
  "GRATE": [[0, 0, 0, 0, 0.03125],
  [90, 0, 0, 0, 0.125]],